debate_id,speaker,affiliation,sentiment,score
Republican_Candidates_Debate_2015-08-06,Kelly,MOD,neg,0.059
Republican_Candidates_Debate_2015-08-06,Kelly,MOD,neu,0.8303673469387756
Republican_Candidates_Debate_2015-08-06,Kelly,MOD,pos,0.11057142857142857
Republican_Candidates_Debate_2015-08-06,Kelly,MOD,compound,0.09034897959183673
Republican_Candidates_Debate_2015-08-06,Baier,MOD,neg,0.02733333333333333
Republican_Candidates_Debate_2015-08-06,Baier,MOD,neu,0.8320500000000003
Republican_Candidates_Debate_2015-08-06,Baier,MOD,pos,0.14061666666666667
Republican_Candidates_Debate_2015-08-06,Baier,MOD,compound,0.07233666666666666
Republican_Candidates_Debate_2015-08-06,Wallace,MOD,neg,0.06569444444444444
Republican_Candidates_Debate_2015-08-06,Wallace,MOD,neu,0.859722222222222
Republican_Candidates_Debate_2015-08-06,Wallace,MOD,pos,0.07455555555555556
Republican_Candidates_Debate_2015-08-06,Wallace,MOD,compound,0.10248611111111113
Republican_Candidates_Debate_2015-08-06,Unknown,MOD,neg,0.01025
Republican_Candidates_Debate_2015-08-06,Unknown,MOD,neu,0.79675
Republican_Candidates_Debate_2015-08-06,Unknown,MOD,pos,0.193
Republican_Candidates_Debate_2015-08-06,Unknown,MOD,compound,0.1528
Republican_Candidates_Debate_2015-08-06,Trump,REP,neg,0.05547222222222222
Republican_Candidates_Debate_2015-08-06,Trump,REP,neu,0.7590277777777779
Republican_Candidates_Debate_2015-08-06,Trump,REP,pos,0.18547222222222223
Republican_Candidates_Debate_2015-08-06,Trump,REP,compound,0.18869722222222224
Republican_Candidates_Debate_2015-08-06,Paul,REP,neg,0.10843478260869568
Republican_Candidates_Debate_2015-08-06,Paul,REP,neu,0.842086956521739
Republican_Candidates_Debate_2015-08-06,Paul,REP,pos,0.049478260869565215
Republican_Candidates_Debate_2015-08-06,Paul,REP,compound,-0.06406086956521741
Republican_Candidates_Debate_2015-08-06,Carson,REP,neg,0.06244444444444445
Republican_Candidates_Debate_2015-08-06,Carson,REP,neu,0.8107777777777777
Republican_Candidates_Debate_2015-08-06,Carson,REP,pos,0.12666666666666665
Republican_Candidates_Debate_2015-08-06,Carson,REP,compound,0.16475555555555557
Republican_Candidates_Debate_2015-08-06,Rubio,REP,neg,0.03075
Republican_Candidates_Debate_2015-08-06,Rubio,REP,neu,0.81825
Republican_Candidates_Debate_2015-08-06,Rubio,REP,pos,0.15091666666666667
Republican_Candidates_Debate_2015-08-06,Rubio,REP,compound,0.4534583333333333
Republican_Candidates_Debate_2015-08-06,Bush,REP,neg,0.04381818181818182
Republican_Candidates_Debate_2015-08-06,Bush,REP,neu,0.8273636363636364
Republican_Candidates_Debate_2015-08-06,Bush,REP,pos,0.12872727272727272
Republican_Candidates_Debate_2015-08-06,Bush,REP,compound,0.5057181818181818
Republican_Candidates_Debate_2015-08-06,Cruz,REP,neg,0.0755
Republican_Candidates_Debate_2015-08-06,Cruz,REP,neu,0.821875
Republican_Candidates_Debate_2015-08-06,Cruz,REP,pos,0.10224999999999998
Republican_Candidates_Debate_2015-08-06,Cruz,REP,compound,-0.003087500000000007
Republican_Candidates_Debate_2015-08-06,Christie,REP,neg,0.06994444444444443
Republican_Candidates_Debate_2015-08-06,Christie,REP,neu,0.8755000000000001
Republican_Candidates_Debate_2015-08-06,Christie,REP,pos,0.05455555555555555
Republican_Candidates_Debate_2015-08-06,Christie,REP,compound,0.043338888888888885
Republican_Candidates_Debate_2015-08-06,Walker,REP,neg,0.039
Republican_Candidates_Debate_2015-08-06,Walker,REP,neu,0.8037272727272728
Republican_Candidates_Debate_2015-08-06,Walker,REP,pos,0.15727272727272726
Republican_Candidates_Debate_2015-08-06,Walker,REP,compound,0.4843545454545454
Republican_Candidates_Debate_2015-08-06,Huckabee,REP,neg,0.0733
Republican_Candidates_Debate_2015-08-06,Huckabee,REP,neu,0.8417999999999999
Republican_Candidates_Debate_2015-08-06,Huckabee,REP,pos,0.085
Republican_Candidates_Debate_2015-08-06,Huckabee,REP,compound,-0.11794000000000002
Republican_Candidates_Debate_2015-08-06,Kasich,REP,neg,0.02627272727272727
Republican_Candidates_Debate_2015-08-06,Kasich,REP,neu,0.7665454545454545
Republican_Candidates_Debate_2015-08-06,Kasich,REP,pos,0.2073636363636364
Republican_Candidates_Debate_2015-08-06,Kasich,REP,compound,0.31133636363636363
Republican_Candidates_Debate_2015-08-06,Unidentified,MOD,neg,0.0
Republican_Candidates_Debate_2015-08-06,Unidentified,MOD,neu,0.8322142857142858
Republican_Candidates_Debate_2015-08-06,Unidentified,MOD,pos,0.16778571428571426
Republican_Candidates_Debate_2015-08-06,Unidentified,MOD,compound,0.3423285714285714
Republican_Candidates_Debate_2015-08-06,Question,MOD,neg,0.0335
Republican_Candidates_Debate_2015-08-06,Question,MOD,neu,0.856
Republican_Candidates_Debate_2015-08-06,Question,MOD,pos,0.1105
Republican_Candidates_Debate_2015-08-06,Question,MOD,compound,0.28105
Republican_Candidates_Debate_2015-08-06,Perry,REP,neg,0.082
Republican_Candidates_Debate_2015-08-06,Perry,REP,neu,0.87
Republican_Candidates_Debate_2015-08-06,Perry,REP,pos,0.048
Republican_Candidates_Debate_2015-08-06,Perry,REP,compound,-0.6832
Republican_Candidates_Debate_2015-08-06,Fiorina,REP,neg,0.259
Republican_Candidates_Debate_2015-08-06,Fiorina,REP,neu,0.713
Republican_Candidates_Debate_2015-08-06,Fiorina,REP,pos,0.029
Republican_Candidates_Debate_2015-08-06,Fiorina,REP,compound,-0.9306
Republican_Candidates_Debate_2015-09-16,Tapper,MOD,neg,0.021737068965517234
Republican_Candidates_Debate_2015-09-16,Tapper,MOD,neu,0.789530172413793
Republican_Candidates_Debate_2015-09-16,Tapper,MOD,pos,0.18870689655172393
Republican_Candidates_Debate_2015-09-16,Tapper,MOD,compound,0.16206120689655162
Republican_Candidates_Debate_2015-09-16,Paul,REP,neg,0.04908571428571428
Republican_Candidates_Debate_2015-09-16,Paul,REP,neu,0.8576285714285714
Republican_Candidates_Debate_2015-09-16,Paul,REP,pos,0.09322857142857142
Republican_Candidates_Debate_2015-09-16,Paul,REP,compound,-0.05419142857142857
Republican_Candidates_Debate_2015-09-16,Huckabee,REP,neg,0.04810526315789474
Republican_Candidates_Debate_2015-09-16,Huckabee,REP,neu,0.8460000000000001
Republican_Candidates_Debate_2015-09-16,Huckabee,REP,pos,0.10600000000000001
Republican_Candidates_Debate_2015-09-16,Huckabee,REP,compound,0.16391052631578945
Republican_Candidates_Debate_2015-09-16,Rubio,REP,neg,0.05203333333333333
Republican_Candidates_Debate_2015-09-16,Rubio,REP,neu,0.8290333333333332
Republican_Candidates_Debate_2015-09-16,Rubio,REP,pos,0.1188
Republican_Candidates_Debate_2015-09-16,Rubio,REP,compound,0.3207199999999999
Republican_Candidates_Debate_2015-09-16,Cruz,REP,neg,0.06803846153846153
Republican_Candidates_Debate_2015-09-16,Cruz,REP,neu,0.8068846153846155
Republican_Candidates_Debate_2015-09-16,Cruz,REP,pos,0.12523076923076926
Republican_Candidates_Debate_2015-09-16,Cruz,REP,compound,0.17793461538461536
Republican_Candidates_Debate_2015-09-16,Carson,REP,neg,0.04635714285714286
Republican_Candidates_Debate_2015-09-16,Carson,REP,neu,0.8669642857142856
Republican_Candidates_Debate_2015-09-16,Carson,REP,pos,0.08664285714285716
Republican_Candidates_Debate_2015-09-16,Carson,REP,compound,0.12225
Republican_Candidates_Debate_2015-09-16,Trump,REP,neg,0.058740740740740746
Republican_Candidates_Debate_2015-09-16,Trump,REP,neu,0.7985555555555556
Republican_Candidates_Debate_2015-09-16,Trump,REP,pos,0.14268518518518516
Republican_Candidates_Debate_2015-09-16,Trump,REP,compound,0.13333240740740737
Republican_Candidates_Debate_2015-09-16,Bush,REP,neg,0.05828125
Republican_Candidates_Debate_2015-09-16,Bush,REP,neu,0.7677968749999999
Republican_Candidates_Debate_2015-09-16,Bush,REP,pos,0.173921875
Republican_Candidates_Debate_2015-09-16,Bush,REP,compound,0.3126031249999999
Republican_Candidates_Debate_2015-09-16,Walker,REP,neg,0.05983333333333333
Republican_Candidates_Debate_2015-09-16,Walker,REP,neu,0.8685666666666667
Republican_Candidates_Debate_2015-09-16,Walker,REP,pos,0.07170000000000001
Republican_Candidates_Debate_2015-09-16,Walker,REP,compound,0.10368999999999999
Republican_Candidates_Debate_2015-09-16,Fiorina,REP,neg,0.032269230769230765
Republican_Candidates_Debate_2015-09-16,Fiorina,REP,neu,0.847576923076923
Republican_Candidates_Debate_2015-09-16,Fiorina,REP,pos,0.12013461538461538
Republican_Candidates_Debate_2015-09-16,Fiorina,REP,compound,0.16593846153846153
Republican_Candidates_Debate_2015-09-16,Kasich,REP,neg,0.06778787878787879
Republican_Candidates_Debate_2015-09-16,Kasich,REP,neu,0.817030303030303
Republican_Candidates_Debate_2015-09-16,Kasich,REP,pos,0.11509090909090912
Republican_Candidates_Debate_2015-09-16,Kasich,REP,compound,0.17462121212121212
Republican_Candidates_Debate_2015-09-16,Christie,REP,neg,0.039892857142857154
Republican_Candidates_Debate_2015-09-16,Christie,REP,neu,0.8684642857142857
Republican_Candidates_Debate_2015-09-16,Christie,REP,pos,0.09164285714285714
Republican_Candidates_Debate_2015-09-16,Christie,REP,compound,0.30938571428571426
Republican_Candidates_Debate_2015-09-16,Unknown,MOD,neg,0.0
Republican_Candidates_Debate_2015-09-16,Unknown,MOD,neu,0.609
Republican_Candidates_Debate_2015-09-16,Unknown,MOD,pos,0.391
Republican_Candidates_Debate_2015-09-16,Unknown,MOD,compound,0.3506
Republican_Candidates_Debate_2015-09-16,Hewitt,MOD,neg,0.019208333333333334
Republican_Candidates_Debate_2015-09-16,Hewitt,MOD,neu,0.7747916666666664
Republican_Candidates_Debate_2015-09-16,Hewitt,MOD,pos,0.206
Republican_Candidates_Debate_2015-09-16,Hewitt,MOD,compound,0.17914166666666667
Republican_Candidates_Debate_2015-09-16,Bash,MOD,neg,0.029500000000000002
Republican_Candidates_Debate_2015-09-16,Bash,MOD,neu,0.7717499999999999
Republican_Candidates_Debate_2015-09-16,Bash,MOD,pos,0.19875000000000004
Republican_Candidates_Debate_2015-09-16,Bash,MOD,compound,0.2674
Republican_Candidates_Debate_2015-09-16,Male,MOD,neg,0.0
Republican_Candidates_Debate_2015-09-16,Male,MOD,neu,0.408
Republican_Candidates_Debate_2015-09-16,Male,MOD,pos,0.592
Republican_Candidates_Debate_2015-09-16,Male,MOD,compound,0.4404
Democratic_Candidates_Debate_2015-10-13,Cooper,MOD,neg,0.028755555555555562
Democratic_Candidates_Debate_2015-10-13,Cooper,MOD,neu,0.8543111111111111
Democratic_Candidates_Debate_2015-10-13,Cooper,MOD,pos,0.11693333333333328
Democratic_Candidates_Debate_2015-10-13,Cooper,MOD,compound,0.08794777777777776
Democratic_Candidates_Debate_2015-10-13,Chafee,DEM,neg,0.08929166666666666
Democratic_Candidates_Debate_2015-10-13,Chafee,DEM,neu,0.8325416666666666
Democratic_Candidates_Debate_2015-10-13,Chafee,DEM,pos,0.07808333333333332
Democratic_Candidates_Debate_2015-10-13,Chafee,DEM,compound,0.09149583333333333
Democratic_Candidates_Debate_2015-10-13,Webb,DEM,neg,0.04984848484848484
Democratic_Candidates_Debate_2015-10-13,Webb,DEM,neu,0.8293636363636363
Democratic_Candidates_Debate_2015-10-13,Webb,DEM,pos,0.12069696969696972
Democratic_Candidates_Debate_2015-10-13,Webb,DEM,compound,0.07979090909090909
Democratic_Candidates_Debate_2015-10-13,O,DEM,neg,0.04077777777777777
Democratic_Candidates_Debate_2015-10-13,O,DEM,neu,0.8430444444444444
Democratic_Candidates_Debate_2015-10-13,O,DEM,pos,0.11622222222222225
Democratic_Candidates_Debate_2015-10-13,O,DEM,compound,0.18445111111111112
Democratic_Candidates_Debate_2015-10-13,Sanders,DEM,neg,0.0840655737704918
Democratic_Candidates_Debate_2015-10-13,Sanders,DEM,neu,0.8232622950819671
Democratic_Candidates_Debate_2015-10-13,Sanders,DEM,pos,0.09270491803278691
Democratic_Candidates_Debate_2015-10-13,Sanders,DEM,compound,0.005713114754098354
Democratic_Candidates_Debate_2015-10-13,Clinton,DEM,neg,0.05084722222222224
Democratic_Candidates_Debate_2015-10-13,Clinton,DEM,neu,0.8224583333333334
Democratic_Candidates_Debate_2015-10-13,Clinton,DEM,pos,0.12673611111111108
Democratic_Candidates_Debate_2015-10-13,Clinton,DEM,compound,0.3868194444444444
Democratic_Candidates_Debate_2015-10-13,Bash,MOD,neg,0.0605
Democratic_Candidates_Debate_2015-10-13,Bash,MOD,neu,0.835
Democratic_Candidates_Debate_2015-10-13,Bash,MOD,pos,0.10435714285714286
Democratic_Candidates_Debate_2015-10-13,Bash,MOD,compound,0.1459
Democratic_Candidates_Debate_2015-10-13,Unknown,MOD,neg,0.0
Democratic_Candidates_Debate_2015-10-13,Unknown,MOD,neu,1.0
Democratic_Candidates_Debate_2015-10-13,Unknown,MOD,pos,0.0
Democratic_Candidates_Debate_2015-10-13,Unknown,MOD,compound,0.0
Democratic_Candidates_Debate_2015-10-13,Lemon,MOD,neg,0.013600000000000001
Democratic_Candidates_Debate_2015-10-13,Lemon,MOD,neu,0.867
Democratic_Candidates_Debate_2015-10-13,Lemon,MOD,pos,0.11939999999999999
Democratic_Candidates_Debate_2015-10-13,Lemon,MOD,compound,0.4542
Democratic_Candidates_Debate_2015-10-13,Wilkins,MOD,neg,0.0
Democratic_Candidates_Debate_2015-10-13,Wilkins,MOD,neu,0.872
Democratic_Candidates_Debate_2015-10-13,Wilkins,MOD,pos,0.128
Democratic_Candidates_Debate_2015-10-13,Wilkins,MOD,compound,0.0516
Democratic_Candidates_Debate_2015-10-13,Lopez,MOD,neg,0.0
Democratic_Candidates_Debate_2015-10-13,Lopez,MOD,neu,0.947125
Democratic_Candidates_Debate_2015-10-13,Lopez,MOD,pos,0.052875000000000005
Democratic_Candidates_Debate_2015-10-13,Lopez,MOD,compound,0.227
Republican_Candidates_Debate_2015-10-28,Quintanilla,MOD,neg,0.03601282051282052
Republican_Candidates_Debate_2015-10-28,Quintanilla,MOD,neu,0.8167051282051282
Republican_Candidates_Debate_2015-10-28,Quintanilla,MOD,pos,0.14726923076923082
Republican_Candidates_Debate_2015-10-28,Quintanilla,MOD,compound,0.09405641025641029
Republican_Candidates_Debate_2015-10-28,Kasich,REP,neg,0.025347826086956526
Republican_Candidates_Debate_2015-10-28,Kasich,REP,neu,0.8369565217391303
Republican_Candidates_Debate_2015-10-28,Kasich,REP,pos,0.13765217391304352
Republican_Candidates_Debate_2015-10-28,Kasich,REP,compound,0.4280086956521739
Republican_Candidates_Debate_2015-10-28,Huckabee,REP,neg,0.07029629629629629
Republican_Candidates_Debate_2015-10-28,Huckabee,REP,neu,0.8255185185185185
Republican_Candidates_Debate_2015-10-28,Huckabee,REP,pos,0.10414814814814814
Republican_Candidates_Debate_2015-10-28,Huckabee,REP,compound,0.022162962962962978
Republican_Candidates_Debate_2015-10-28,Bush,REP,neg,0.05063636363636364
Republican_Candidates_Debate_2015-10-28,Bush,REP,neu,0.8474545454545453
Republican_Candidates_Debate_2015-10-28,Bush,REP,pos,0.10181818181818182
Republican_Candidates_Debate_2015-10-28,Bush,REP,compound,0.21600454545454542
Republican_Candidates_Debate_2015-10-28,Rubio,REP,neg,0.05558620689655172
Republican_Candidates_Debate_2015-10-28,Rubio,REP,neu,0.8367586206896551
Republican_Candidates_Debate_2015-10-28,Rubio,REP,pos,0.1076551724137931
Republican_Candidates_Debate_2015-10-28,Rubio,REP,compound,0.3006103448275862
Republican_Candidates_Debate_2015-10-28,Trump,REP,neg,0.041896551724137934
Republican_Candidates_Debate_2015-10-28,Trump,REP,neu,0.7854827586206897
Republican_Candidates_Debate_2015-10-28,Trump,REP,pos,0.17265517241379308
Republican_Candidates_Debate_2015-10-28,Trump,REP,compound,0.30167586206896563
Republican_Candidates_Debate_2015-10-28,Carson,REP,neg,0.09800000000000002
Republican_Candidates_Debate_2015-10-28,Carson,REP,neu,0.8392941176470587
Republican_Candidates_Debate_2015-10-28,Carson,REP,pos,0.06270588235294118
Republican_Candidates_Debate_2015-10-28,Carson,REP,compound,0.21630588235294118
Republican_Candidates_Debate_2015-10-28,Fiorina,REP,neg,0.043541666666666666
Republican_Candidates_Debate_2015-10-28,Fiorina,REP,neu,0.8449583333333335
Republican_Candidates_Debate_2015-10-28,Fiorina,REP,pos,0.11154166666666666
Republican_Candidates_Debate_2015-10-28,Fiorina,REP,compound,0.32936666666666664
Republican_Candidates_Debate_2015-10-28,Cruz,REP,neg,0.036166666666666666
Republican_Candidates_Debate_2015-10-28,Cruz,REP,neu,0.8775833333333334
Republican_Candidates_Debate_2015-10-28,Cruz,REP,pos,0.08625
Republican_Candidates_Debate_2015-10-28,Cruz,REP,compound,0.3085541666666667
Republican_Candidates_Debate_2015-10-28,Christie,REP,neg,0.07823076923076924
Republican_Candidates_Debate_2015-10-28,Christie,REP,neu,0.801846153846154
Republican_Candidates_Debate_2015-10-28,Christie,REP,pos,0.12000000000000001
Republican_Candidates_Debate_2015-10-28,Christie,REP,compound,0.4004615384615384
Republican_Candidates_Debate_2015-10-28,Paul,REP,neg,0.05515384615384615
Republican_Candidates_Debate_2015-10-28,Paul,REP,neu,0.8700769230769231
Republican_Candidates_Debate_2015-10-28,Paul,REP,pos,0.07461538461538461
Republican_Candidates_Debate_2015-10-28,Paul,REP,compound,-0.050084615384615394
Republican_Candidates_Debate_2015-10-28,Harwood,MOD,neg,0.03189041095890412
Republican_Candidates_Debate_2015-10-28,Harwood,MOD,neu,0.7936986301369866
Republican_Candidates_Debate_2015-10-28,Harwood,MOD,pos,0.17441095890410957
Republican_Candidates_Debate_2015-10-28,Harwood,MOD,compound,0.20155342465753429
Republican_Candidates_Debate_2015-10-28,Quick,MOD,neg,0.023390625
Republican_Candidates_Debate_2015-10-28,Quick,MOD,neu,0.8137187500000003
Republican_Candidates_Debate_2015-10-28,Quick,MOD,pos,0.16290625000000003
Republican_Candidates_Debate_2015-10-28,Quick,MOD,compound,0.16069375000000002
Republican_Candidates_Debate_2015-10-28,Cramer,MOD,neg,0.08833333333333333
Republican_Candidates_Debate_2015-10-28,Cramer,MOD,neu,0.7336666666666667
Republican_Candidates_Debate_2015-10-28,Cramer,MOD,pos,0.17766666666666667
Republican_Candidates_Debate_2015-10-28,Cramer,MOD,compound,-0.32393333333333335
Republican_Candidates_Debate_2015-10-28,Santelli,MOD,neg,0.02325
Republican_Candidates_Debate_2015-10-28,Santelli,MOD,neu,0.7995
Republican_Candidates_Debate_2015-10-28,Santelli,MOD,pos,0.17725000000000002
Republican_Candidates_Debate_2015-10-28,Santelli,MOD,compound,0.16055000000000003
Republican_Candidates_Debate_2015-10-28,Epperson,MOD,neg,0.010666666666666666
Republican_Candidates_Debate_2015-10-28,Epperson,MOD,neu,0.631
Republican_Candidates_Debate_2015-10-28,Epperson,MOD,pos,0.35833333333333334
Republican_Candidates_Debate_2015-10-28,Epperson,MOD,compound,0.6292
Republican_Candidates_Debate_2015-11-10,Cavuto,MOD,neg,0.039235294117647056
Republican_Candidates_Debate_2015-11-10,Cavuto,MOD,neu,0.8383529411764705
Republican_Candidates_Debate_2015-11-10,Cavuto,MOD,pos,0.12241176470588234
Republican_Candidates_Debate_2015-11-10,Cavuto,MOD,compound,0.18970588235294117
Republican_Candidates_Debate_2015-11-10,Bartiromo,MOD,neg,0.02697674418604651
Republican_Candidates_Debate_2015-11-10,Bartiromo,MOD,neu,0.7819767441860465
Republican_Candidates_Debate_2015-11-10,Bartiromo,MOD,pos,0.19111627906976744
Republican_Candidates_Debate_2015-11-10,Bartiromo,MOD,compound,0.1867279069767442
Republican_Candidates_Debate_2015-11-10,Baker,MOD,neg,0.03110416666666667
Republican_Candidates_Debate_2015-11-10,Baker,MOD,neu,0.8218125
Republican_Candidates_Debate_2015-11-10,Baker,MOD,pos,0.1470625
Republican_Candidates_Debate_2015-11-10,Baker,MOD,compound,0.15428958333333334
Republican_Candidates_Debate_2015-11-10,Trump,REP,neg,0.14782142857142858
Republican_Candidates_Debate_2015-11-10,Trump,REP,neu,0.7278214285714285
Republican_Candidates_Debate_2015-11-10,Trump,REP,pos,0.1242857142857143
Republican_Candidates_Debate_2015-11-10,Trump,REP,compound,0.05784285714285716
Republican_Candidates_Debate_2015-11-10,Carson,REP,neg,0.0571
Republican_Candidates_Debate_2015-11-10,Carson,REP,neu,0.7981999999999999
Republican_Candidates_Debate_2015-11-10,Carson,REP,pos,0.1444
Republican_Candidates_Debate_2015-11-10,Carson,REP,compound,0.36766
Republican_Candidates_Debate_2015-11-10,Rubio,REP,neg,0.038599999999999995
Republican_Candidates_Debate_2015-11-10,Rubio,REP,neu,0.8582666666666667
Republican_Candidates_Debate_2015-11-10,Rubio,REP,pos,0.10306666666666668
Republican_Candidates_Debate_2015-11-10,Rubio,REP,compound,0.3464066666666667
Republican_Candidates_Debate_2015-11-10,Kasich,REP,neg,0.08777777777777779
Republican_Candidates_Debate_2015-11-10,Kasich,REP,neu,0.8215555555555555
Republican_Candidates_Debate_2015-11-10,Kasich,REP,pos,0.09070370370370368
Republican_Candidates_Debate_2015-11-10,Kasich,REP,compound,0.032085185185185126
Republican_Candidates_Debate_2015-11-10,Cruz,REP,neg,0.07004761904761905
Republican_Candidates_Debate_2015-11-10,Cruz,REP,neu,0.8795238095238095
Republican_Candidates_Debate_2015-11-10,Cruz,REP,pos,0.05042857142857143
Republican_Candidates_Debate_2015-11-10,Cruz,REP,compound,0.17361904761904762
Republican_Candidates_Debate_2015-11-10,Bush,REP,neg,0.051812500000000004
Republican_Candidates_Debate_2015-11-10,Bush,REP,neu,0.8091875
Republican_Candidates_Debate_2015-11-10,Bush,REP,pos,0.1389375
Republican_Candidates_Debate_2015-11-10,Bush,REP,compound,0.3141750000000001
Republican_Candidates_Debate_2015-11-10,Fiorina,REP,neg,0.04911111111111112
Republican_Candidates_Debate_2015-11-10,Fiorina,REP,neu,0.8578888888888888
Republican_Candidates_Debate_2015-11-10,Fiorina,REP,pos,0.09300000000000001
Republican_Candidates_Debate_2015-11-10,Fiorina,REP,compound,0.22143333333333334
Republican_Candidates_Debate_2015-11-10,Paul,REP,neg,0.03316
Republican_Candidates_Debate_2015-11-10,Paul,REP,neu,0.8619600000000002
Republican_Candidates_Debate_2015-11-10,Paul,REP,pos,0.10488000000000001
Republican_Candidates_Debate_2015-11-10,Paul,REP,compound,0.18308799999999997
Republican_Candidates_Debate_2015-11-10,Unknown,MOD,neg,0.0
Republican_Candidates_Debate_2015-11-10,Unknown,MOD,neu,0.764
Republican_Candidates_Debate_2015-11-10,Unknown,MOD,pos,0.23600000000000002
Republican_Candidates_Debate_2015-11-10,Unknown,MOD,compound,0.1865285714285714
Democratic_Candidates_Debate_2015-11-14,Dickerson,MOD,neg,0.06628205128205128
Democratic_Candidates_Debate_2015-11-14,Dickerson,MOD,neu,0.8582820512820513
Democratic_Candidates_Debate_2015-11-14,Dickerson,MOD,pos,0.07538461538461538
Democratic_Candidates_Debate_2015-11-14,Dickerson,MOD,compound,-0.04196025641025641
Democratic_Candidates_Debate_2015-11-14,Sanders,DEM,neg,0.06280357142857143
Democratic_Candidates_Debate_2015-11-14,Sanders,DEM,neu,0.7197500000000001
Democratic_Candidates_Debate_2015-11-14,Sanders,DEM,pos,0.21746428571428567
Democratic_Candidates_Debate_2015-11-14,Sanders,DEM,compound,0.15952678571428572
Democratic_Candidates_Debate_2015-11-14,Clinton,DEM,neg,0.06763829787234042
Democratic_Candidates_Debate_2015-11-14,Clinton,DEM,neu,0.798595744680851
Democratic_Candidates_Debate_2015-11-14,Clinton,DEM,pos,0.1337659574468085
Democratic_Candidates_Debate_2015-11-14,Clinton,DEM,compound,0.3405276595744681
Democratic_Candidates_Debate_2015-11-14,O,DEM,neg,0.042157894736842116
Democratic_Candidates_Debate_2015-11-14,O,DEM,neu,0.8190789473684209
Democratic_Candidates_Debate_2015-11-14,O,DEM,pos,0.1387894736842105
Democratic_Candidates_Debate_2015-11-14,O,DEM,compound,0.21598421052631578
Democratic_Candidates_Debate_2015-11-14,Cordes,MOD,neg,0.01723076923076923
Democratic_Candidates_Debate_2015-11-14,Cordes,MOD,neu,0.8873846153846153
Democratic_Candidates_Debate_2015-11-14,Cordes,MOD,pos,0.0953846153846154
Democratic_Candidates_Debate_2015-11-14,Cordes,MOD,compound,0.36115384615384616
Democratic_Candidates_Debate_2015-11-14,Cooney,MOD,neg,0.012875000000000001
Democratic_Candidates_Debate_2015-11-14,Cooney,MOD,neu,0.92225
Democratic_Candidates_Debate_2015-11-14,Cooney,MOD,pos,0.064875
Democratic_Candidates_Debate_2015-11-14,Cooney,MOD,compound,0.23076249999999998
Democratic_Candidates_Debate_2015-11-14,Obradovich,MOD,neg,0.1276
Democratic_Candidates_Debate_2015-11-14,Obradovich,MOD,neu,0.8498000000000001
Democratic_Candidates_Debate_2015-11-14,Obradovich,MOD,pos,0.022399999999999996
Democratic_Candidates_Debate_2015-11-14,Obradovich,MOD,compound,-0.45753999999999995
Republican_Candidates_Debate_2015-12-15,Blitzer,MOD,neg,0.02322641509433963
Republican_Candidates_Debate_2015-12-15,Blitzer,MOD,neu,0.8562924528301891
Republican_Candidates_Debate_2015-12-15,Blitzer,MOD,pos,0.12049056603773589
Republican_Candidates_Debate_2015-12-15,Blitzer,MOD,compound,0.14215094339622641
Republican_Candidates_Debate_2015-12-15,Paul,REP,neg,0.08174999999999999
Republican_Candidates_Debate_2015-12-15,Paul,REP,neu,0.844875
Republican_Candidates_Debate_2015-12-15,Paul,REP,pos,0.0734375
Republican_Candidates_Debate_2015-12-15,Paul,REP,compound,-0.15976875000000001
Republican_Candidates_Debate_2015-12-15,Kasich,REP,neg,0.05816666666666668
Republican_Candidates_Debate_2015-12-15,Kasich,REP,neu,0.8280833333333334
Republican_Candidates_Debate_2015-12-15,Kasich,REP,pos,0.11391666666666667
Republican_Candidates_Debate_2015-12-15,Kasich,REP,compound,0.23378333333333334
Republican_Candidates_Debate_2015-12-15,Christie,REP,neg,0.1018
Republican_Candidates_Debate_2015-12-15,Christie,REP,neu,0.8102
Republican_Candidates_Debate_2015-12-15,Christie,REP,pos,0.08779999999999999
Republican_Candidates_Debate_2015-12-15,Christie,REP,compound,-0.19069999999999998
Republican_Candidates_Debate_2015-12-15,Fiorina,REP,neg,0.06705
Republican_Candidates_Debate_2015-12-15,Fiorina,REP,neu,0.84945
Republican_Candidates_Debate_2015-12-15,Fiorina,REP,pos,0.0837
Republican_Candidates_Debate_2015-12-15,Fiorina,REP,compound,0.14341500000000001
Republican_Candidates_Debate_2015-12-15,Bush,REP,neg,0.09234615384615387
Republican_Candidates_Debate_2015-12-15,Bush,REP,neu,0.7726153846153844
Republican_Candidates_Debate_2015-12-15,Bush,REP,pos,0.13496153846153847
Republican_Candidates_Debate_2015-12-15,Bush,REP,compound,0.1347846153846154
Republican_Candidates_Debate_2015-12-15,Rubio,REP,neg,0.10133333333333332
Republican_Candidates_Debate_2015-12-15,Rubio,REP,neu,0.8213750000000001
Republican_Candidates_Debate_2015-12-15,Rubio,REP,pos,0.07729166666666666
Republican_Candidates_Debate_2015-12-15,Rubio,REP,compound,-0.08725833333333333
Republican_Candidates_Debate_2015-12-15,Cruz,REP,neg,0.17458823529411763
Republican_Candidates_Debate_2015-12-15,Cruz,REP,neu,0.7249705882352941
Republican_Candidates_Debate_2015-12-15,Cruz,REP,pos,0.10044117647058824
Republican_Candidates_Debate_2015-12-15,Cruz,REP,compound,-0.33560882352941185
Republican_Candidates_Debate_2015-12-15,Carson,REP,neg,0.06757142857142857
Republican_Candidates_Debate_2015-12-15,Carson,REP,neu,0.8328571428571429
Republican_Candidates_Debate_2015-12-15,Carson,REP,pos,0.09964285714285714
Republican_Candidates_Debate_2015-12-15,Carson,REP,compound,0.14420714285714284
Republican_Candidates_Debate_2015-12-15,Trump,REP,neg,0.09786363636363636
Republican_Candidates_Debate_2015-12-15,Trump,REP,neu,0.7272045454545453
Republican_Candidates_Debate_2015-12-15,Trump,REP,pos,0.17490909090909093
Republican_Candidates_Debate_2015-12-15,Trump,REP,compound,0.1692909090909091
Republican_Candidates_Debate_2015-12-15,Hewitt,MOD,neg,0.034576923076923075
Republican_Candidates_Debate_2015-12-15,Hewitt,MOD,neu,0.8439615384615385
Republican_Candidates_Debate_2015-12-15,Hewitt,MOD,pos,0.12146153846153845
Republican_Candidates_Debate_2015-12-15,Hewitt,MOD,compound,0.11773076923076922
Republican_Candidates_Debate_2015-12-15,Bash,MOD,neg,0.02668421052631579
Republican_Candidates_Debate_2015-12-15,Bash,MOD,neu,0.8332894736842106
Republican_Candidates_Debate_2015-12-15,Bash,MOD,pos,0.14005263157894735
Republican_Candidates_Debate_2015-12-15,Bash,MOD,compound,0.1526342105263158
Republican_Candidates_Debate_2015-12-15,Josh,MOD,neg,0.215
Republican_Candidates_Debate_2015-12-15,Josh,MOD,neu,0.745
Republican_Candidates_Debate_2015-12-15,Josh,MOD,pos,0.04
Republican_Candidates_Debate_2015-12-15,Josh,MOD,compound,-0.9114
Republican_Candidates_Debate_2015-12-15,Question,MOD,neg,0.068
Republican_Candidates_Debate_2015-12-15,Question,MOD,neu,0.8594999999999999
Republican_Candidates_Debate_2015-12-15,Question,MOD,pos,0.072
Republican_Candidates_Debate_2015-12-15,Question,MOD,compound,-0.0252
Democratic_Candidates_Debate_2015-12-19,Raddatz,MOD,neg,0.09523404255319148
Democratic_Candidates_Debate_2015-12-19,Raddatz,MOD,neu,0.800276595744681
Democratic_Candidates_Debate_2015-12-19,Raddatz,MOD,pos,0.10446808510638299
Democratic_Candidates_Debate_2015-12-19,Raddatz,MOD,compound,-0.016204255319148934
Democratic_Candidates_Debate_2015-12-19,Muir,MOD,neg,0.017112359550561798
Democratic_Candidates_Debate_2015-12-19,Muir,MOD,neu,0.8111573033707865
Democratic_Candidates_Debate_2015-12-19,Muir,MOD,pos,0.17176404494382025
Democratic_Candidates_Debate_2015-12-19,Muir,MOD,compound,0.1999258426966292
Democratic_Candidates_Debate_2015-12-19,Clinton,DEM,neg,0.0648181818181818
Democratic_Candidates_Debate_2015-12-19,Clinton,DEM,neu,0.794151515151515
Democratic_Candidates_Debate_2015-12-19,Clinton,DEM,pos,0.1410303030303031
Democratic_Candidates_Debate_2015-12-19,Clinton,DEM,compound,0.33534242424242416
Democratic_Candidates_Debate_2015-12-19,O,DEM,neg,0.07571052631578948
Democratic_Candidates_Debate_2015-12-19,O,DEM,neu,0.7929473684210527
Democratic_Candidates_Debate_2015-12-19,O,DEM,pos,0.13144736842105265
Democratic_Candidates_Debate_2015-12-19,O,DEM,compound,0.1267236842105263
Democratic_Candidates_Debate_2015-12-19,Sanders,DEM,neg,0.054461538461538464
Democratic_Candidates_Debate_2015-12-19,Sanders,DEM,neu,0.8123230769230769
Democratic_Candidates_Debate_2015-12-19,Sanders,DEM,pos,0.1331538461538461
Democratic_Candidates_Debate_2015-12-19,Sanders,DEM,compound,0.07404307692307692
Democratic_Candidates_Debate_2015-12-19,Announcer,MOD,neg,0.0
Democratic_Candidates_Debate_2015-12-19,Announcer,MOD,neu,1.0
Democratic_Candidates_Debate_2015-12-19,Announcer,MOD,pos,0.0
Democratic_Candidates_Debate_2015-12-19,Announcer,MOD,compound,0.0
Democratic_Candidates_Debate_2015-12-19,Levesque,MOD,neg,0.09699999999999999
Democratic_Candidates_Debate_2015-12-19,Levesque,MOD,neu,0.8693333333333332
Democratic_Candidates_Debate_2015-12-19,Levesque,MOD,pos,0.03366666666666667
Democratic_Candidates_Debate_2015-12-19,Levesque,MOD,compound,-0.01940000000000001
Democratic_Candidates_Debate_2015-12-19,Mcelveen,MOD,neg,0.0
Democratic_Candidates_Debate_2015-12-19,Mcelveen,MOD,neu,0.8146666666666667
Democratic_Candidates_Debate_2015-12-19,Mcelveen,MOD,pos,0.18533333333333335
Democratic_Candidates_Debate_2015-12-19,Mcelveen,MOD,compound,0.20413333333333336
Democratic_Candidates_Debate_2015-12-19,Question,MOD,neg,0.228
Democratic_Candidates_Debate_2015-12-19,Question,MOD,neu,0.772
Democratic_Candidates_Debate_2015-12-19,Question,MOD,pos,0.0
Democratic_Candidates_Debate_2015-12-19,Question,MOD,compound,-0.8582
Republican_Candidates_Debate_2016-01-14,Cavuto,MOD,neg,0.0468909090909091
Republican_Candidates_Debate_2016-01-14,Cavuto,MOD,neu,0.8706909090909093
Republican_Candidates_Debate_2016-01-14,Cavuto,MOD,pos,0.08243636363636363
Republican_Candidates_Debate_2016-01-14,Cavuto,MOD,compound,0.010754545454545471
Republican_Candidates_Debate_2016-01-14,Bartiromo,MOD,neg,0.03214705882352941
Republican_Candidates_Debate_2016-01-14,Bartiromo,MOD,neu,0.7605588235294118
Republican_Candidates_Debate_2016-01-14,Bartiromo,MOD,pos,0.2073088235294118
Republican_Candidates_Debate_2016-01-14,Bartiromo,MOD,compound,0.19813235294117648
Republican_Candidates_Debate_2016-01-14,Cruz,REP,neg,0.0604375
Republican_Candidates_Debate_2016-01-14,Cruz,REP,neu,0.8516875000000002
Republican_Candidates_Debate_2016-01-14,Cruz,REP,pos,0.087875
Republican_Candidates_Debate_2016-01-14,Cruz,REP,compound,-0.014968749999999989
Republican_Candidates_Debate_2016-01-14,Kasich,REP,neg,0.06612499999999999
Republican_Candidates_Debate_2016-01-14,Kasich,REP,neu,0.85075
Republican_Candidates_Debate_2016-01-14,Kasich,REP,pos,0.08324999999999999
Republican_Candidates_Debate_2016-01-14,Kasich,REP,compound,-0.0081875
Republican_Candidates_Debate_2016-01-14,Christie,REP,neg,0.06833333333333333
Republican_Candidates_Debate_2016-01-14,Christie,REP,neu,0.8253333333333331
Republican_Candidates_Debate_2016-01-14,Christie,REP,pos,0.10625
Republican_Candidates_Debate_2016-01-14,Christie,REP,compound,0.4154416666666667
Republican_Candidates_Debate_2016-01-14,Bush,REP,neg,0.04375000000000001
Republican_Candidates_Debate_2016-01-14,Bush,REP,neu,0.8315
Republican_Candidates_Debate_2016-01-14,Bush,REP,pos,0.12475000000000001
Republican_Candidates_Debate_2016-01-14,Bush,REP,compound,0.24589999999999998
Republican_Candidates_Debate_2016-01-14,Rubio,REP,neg,0.08816666666666667
Republican_Candidates_Debate_2016-01-14,Rubio,REP,neu,0.8258333333333332
Republican_Candidates_Debate_2016-01-14,Rubio,REP,pos,0.0862222222222222
Republican_Candidates_Debate_2016-01-14,Rubio,REP,compound,0.3106
Republican_Candidates_Debate_2016-01-14,Carson,REP,neg,0.06254545454545454
Republican_Candidates_Debate_2016-01-14,Carson,REP,neu,0.7585454545454546
Republican_Candidates_Debate_2016-01-14,Carson,REP,pos,0.17872727272727273
Republican_Candidates_Debate_2016-01-14,Carson,REP,compound,0.11925454545454549
Republican_Candidates_Debate_2016-01-14,Trump,REP,neg,0.08554545454545458
Republican_Candidates_Debate_2016-01-14,Trump,REP,neu,0.7817727272727274
Republican_Candidates_Debate_2016-01-14,Trump,REP,pos,0.13272727272727272
Republican_Candidates_Debate_2016-01-14,Trump,REP,compound,0.11182727272727275
Republican_Candidates_Debate_2016-01-14,Unknown,MOD,neg,0.0
Republican_Candidates_Debate_2016-01-14,Unknown,MOD,neu,0.8736666666666667
Republican_Candidates_Debate_2016-01-14,Unknown,MOD,pos,0.12633333333333333
Republican_Candidates_Debate_2016-01-14,Unknown,MOD,compound,0.08723333333333333
Republican_Candidates_Debate_2016-01-14,Audience,MOD,neg,0.0
Republican_Candidates_Debate_2016-01-14,Audience,MOD,neu,1.0
Republican_Candidates_Debate_2016-01-14,Audience,MOD,pos,0.0
Republican_Candidates_Debate_2016-01-14,Audience,MOD,compound,0.0
Democratic_Candidates_Debate_2016-01-17,Holt,MOD,neg,0.03520689655172413
Democratic_Candidates_Debate_2016-01-17,Holt,MOD,neu,0.892896551724138
Democratic_Candidates_Debate_2016-01-17,Holt,MOD,pos,0.07187356321839082
Democratic_Candidates_Debate_2016-01-17,Holt,MOD,compound,0.03818505747126436
Democratic_Candidates_Debate_2016-01-17,Clinton,DEM,neg,0.05763829787234043
Democratic_Candidates_Debate_2016-01-17,Clinton,DEM,neu,0.8245531914893617
Democratic_Candidates_Debate_2016-01-17,Clinton,DEM,pos,0.11782978723404258
Democratic_Candidates_Debate_2016-01-17,Clinton,DEM,compound,0.24906170212765957
Democratic_Candidates_Debate_2016-01-17,Sanders,DEM,neg,0.04467999999999999
Democratic_Candidates_Debate_2016-01-17,Sanders,DEM,neu,0.7633466666666666
Democratic_Candidates_Debate_2016-01-17,Sanders,DEM,pos,0.19194666666666668
Democratic_Candidates_Debate_2016-01-17,Sanders,DEM,compound,0.21232133333333322
Democratic_Candidates_Debate_2016-01-17,O,DEM,neg,0.049046511627906984
Democratic_Candidates_Debate_2016-01-17,O,DEM,neu,0.8139302325581398
Democratic_Candidates_Debate_2016-01-17,O,DEM,pos,0.13699999999999998
Democratic_Candidates_Debate_2016-01-17,O,DEM,compound,0.24153023255813952
Democratic_Candidates_Debate_2016-01-17,Franchesca,MOD,neg,0.185
Democratic_Candidates_Debate_2016-01-17,Franchesca,MOD,neu,0.704
Democratic_Candidates_Debate_2016-01-17,Franchesca,MOD,pos,0.111
Democratic_Candidates_Debate_2016-01-17,Franchesca,MOD,compound,-0.7351
Democratic_Candidates_Debate_2016-01-17,Mitchell,MOD,neg,0.035023809523809527
Democratic_Candidates_Debate_2016-01-17,Mitchell,MOD,neu,0.9186190476190477
Democratic_Candidates_Debate_2016-01-17,Mitchell,MOD,pos,0.0464047619047619
Democratic_Candidates_Debate_2016-01-17,Mitchell,MOD,compound,0.032052380952380964
Democratic_Candidates_Debate_2016-01-17,Franta,MOD,neg,0.0
Democratic_Candidates_Debate_2016-01-17,Franta,MOD,neu,0.863
Democratic_Candidates_Debate_2016-01-17,Franta,MOD,pos,0.137
Democratic_Candidates_Debate_2016-01-17,Franta,MOD,compound,0.7615
Democratic_Candidates_Debate_2016-01-17,Announcer,MOD,neg,0.092
Democratic_Candidates_Debate_2016-01-17,Announcer,MOD,neu,0.804
Democratic_Candidates_Debate_2016-01-17,Announcer,MOD,pos,0.104
Democratic_Candidates_Debate_2016-01-17,Announcer,MOD,compound,-0.0516
Democratic_Candidates_Debate_2016-01-17,Brownlee,MOD,neg,0.0
Democratic_Candidates_Debate_2016-01-17,Brownlee,MOD,neu,0.886
Democratic_Candidates_Debate_2016-01-17,Brownlee,MOD,pos,0.114
Democratic_Candidates_Debate_2016-01-17,Brownlee,MOD,compound,0.8053
Democratic_Candidates_Forum_at_Drake_University_2016-01-25,Cuomo,MOD,neg,0.0343421052631579
Democratic_Candidates_Forum_at_Drake_University_2016-01-25,Cuomo,MOD,neu,0.8523947368421055
Democratic_Candidates_Forum_at_Drake_University_2016-01-25,Cuomo,MOD,pos,0.11328070175438594
Democratic_Candidates_Forum_at_Drake_University_2016-01-25,Cuomo,MOD,compound,0.16203157894736847
Democratic_Candidates_Forum_at_Drake_University_2016-01-25,Sanders,DEM,neg,0.054702127659574475
Democratic_Candidates_Forum_at_Drake_University_2016-01-25,Sanders,DEM,neu,0.7558297872340424
Democratic_Candidates_Forum_at_Drake_University_2016-01-25,Sanders,DEM,pos,0.18934042553191488
Democratic_Candidates_Forum_at_Drake_University_2016-01-25,Sanders,DEM,compound,0.21157234042553186
Democratic_Candidates_Forum_at_Drake_University_2016-01-25,Question,MOD,neg,0.030100000000000005
Democratic_Candidates_Forum_at_Drake_University_2016-01-25,Question,MOD,neu,0.7432
Democratic_Candidates_Forum_at_Drake_University_2016-01-25,Question,MOD,pos,0.22675
Democratic_Candidates_Forum_at_Drake_University_2016-01-25,Question,MOD,compound,0.5702550000000001
Democratic_Candidates_Forum_at_Drake_University_2016-01-25,Sean,MOD,neg,0.0
Democratic_Candidates_Forum_at_Drake_University_2016-01-25,Sean,MOD,neu,0.886
Democratic_Candidates_Forum_at_Drake_University_2016-01-25,Sean,MOD,pos,0.114
Democratic_Candidates_Forum_at_Drake_University_2016-01-25,Sean,MOD,compound,0.4019
Democratic_Candidates_Forum_at_Drake_University_2016-01-25,Collison,MOD,neg,0.174
Democratic_Candidates_Forum_at_Drake_University_2016-01-25,Collison,MOD,neu,0.826
Democratic_Candidates_Forum_at_Drake_University_2016-01-25,Collison,MOD,pos,0.0
Democratic_Candidates_Forum_at_Drake_University_2016-01-25,Collison,MOD,compound,-0.2732
Democratic_Candidates_Forum_at_Drake_University_2016-01-25,Alexis,MOD,neg,0.042499999999999996
Democratic_Candidates_Forum_at_Drake_University_2016-01-25,Alexis,MOD,neu,0.7395
Democratic_Candidates_Forum_at_Drake_University_2016-01-25,Alexis,MOD,pos,0.218
Democratic_Candidates_Forum_at_Drake_University_2016-01-25,Alexis,MOD,compound,0.68775
Democratic_Candidates_Forum_at_Drake_University_2016-01-25,Unidentified,MOD,neg,0.135
Democratic_Candidates_Forum_at_Drake_University_2016-01-25,Unidentified,MOD,neu,0.814
Democratic_Candidates_Forum_at_Drake_University_2016-01-25,Unidentified,MOD,pos,0.051
Democratic_Candidates_Forum_at_Drake_University_2016-01-25,Unidentified,MOD,compound,-0.802
Democratic_Candidates_Forum_at_Drake_University_2016-01-25,Clinton,DEM,neg,0.02224444444444445
Democratic_Candidates_Forum_at_Drake_University_2016-01-25,Clinton,DEM,neu,0.6344000000000001
Democratic_Candidates_Forum_at_Drake_University_2016-01-25,Clinton,DEM,pos,0.34337777777777784
Democratic_Candidates_Forum_at_Drake_University_2016-01-25,Clinton,DEM,compound,0.45335777777777775
Democratic_Candidates_Forum_at_Drake_University_2016-01-25,Crawford,MOD,neg,0.0
Democratic_Candidates_Forum_at_Drake_University_2016-01-25,Crawford,MOD,neu,0.583
Democratic_Candidates_Forum_at_Drake_University_2016-01-25,Crawford,MOD,pos,0.417
Democratic_Candidates_Forum_at_Drake_University_2016-01-25,Crawford,MOD,compound,0.6124
Democratic_Candidates_Forum_at_Drake_University_2016-01-25,O,DEM,neg,0.03755555555555555
Democratic_Candidates_Forum_at_Drake_University_2016-01-25,O,DEM,neu,0.7362500000000001
Democratic_Candidates_Forum_at_Drake_University_2016-01-25,O,DEM,pos,0.22625000000000003
Democratic_Candidates_Forum_at_Drake_University_2016-01-25,O,DEM,compound,0.31226388888888895
Democratic_Candidates_Forum_at_Drake_University_2016-01-25,Joy,MOD,neg,0.0
Democratic_Candidates_Forum_at_Drake_University_2016-01-25,Joy,MOD,neu,0.256
Democratic_Candidates_Forum_at_Drake_University_2016-01-25,Joy,MOD,pos,0.744
Democratic_Candidates_Forum_at_Drake_University_2016-01-25,Joy,MOD,compound,0.4404
Democratic_Candidates_Forum_at_Drake_University_2016-01-25,Lassen,MOD,neg,0.287
Democratic_Candidates_Forum_at_Drake_University_2016-01-25,Lassen,MOD,neu,0.645
Democratic_Candidates_Forum_at_Drake_University_2016-01-25,Lassen,MOD,pos,0.069
Democratic_Candidates_Forum_at_Drake_University_2016-01-25,Lassen,MOD,compound,-0.9349
Democratic_Candidates_Forum_at_Drake_University_2016-01-25,Jenna,MOD,neg,0.0
Democratic_Candidates_Forum_at_Drake_University_2016-01-25,Jenna,MOD,neu,0.808
Democratic_Candidates_Forum_at_Drake_University_2016-01-25,Jenna,MOD,pos,0.192
Democratic_Candidates_Forum_at_Drake_University_2016-01-25,Jenna,MOD,compound,0.7947
Democratic_Candidates_Forum_at_Drake_University_2016-01-25,Bishop,MOD,neg,0.0
Democratic_Candidates_Forum_at_Drake_University_2016-01-25,Bishop,MOD,neu,0.652
Democratic_Candidates_Forum_at_Drake_University_2016-01-25,Bishop,MOD,pos,0.348
Democratic_Candidates_Forum_at_Drake_University_2016-01-25,Bishop,MOD,compound,0.9061
Democratic_Candidates_Forum_at_Drake_University_2016-01-25,Arnold,MOD,neg,0.131
Democratic_Candidates_Forum_at_Drake_University_2016-01-25,Arnold,MOD,neu,0.803
Democratic_Candidates_Forum_at_Drake_University_2016-01-25,Arnold,MOD,pos,0.066
Democratic_Candidates_Forum_at_Drake_University_2016-01-25,Arnold,MOD,compound,-0.7555
Democratic_Candidates_Forum_at_Drake_University_2016-01-25,Deborah,MOD,neg,0.0
Democratic_Candidates_Forum_at_Drake_University_2016-01-25,Deborah,MOD,neu,0.408
Democratic_Candidates_Forum_at_Drake_University_2016-01-25,Deborah,MOD,pos,0.592
Democratic_Candidates_Forum_at_Drake_University_2016-01-25,Deborah,MOD,compound,0.4404
Democratic_Candidates_Forum_at_Drake_University_2016-01-25,Plummer,MOD,neg,0.049
Democratic_Candidates_Forum_at_Drake_University_2016-01-25,Plummer,MOD,neu,0.801
Democratic_Candidates_Forum_at_Drake_University_2016-01-25,Plummer,MOD,pos,0.15
Democratic_Candidates_Forum_at_Drake_University_2016-01-25,Plummer,MOD,compound,0.6369
Democratic_Candidates_Forum_at_Drake_University_2016-01-25,Dick,MOD,neg,0.0
Democratic_Candidates_Forum_at_Drake_University_2016-01-25,Dick,MOD,neu,0.95
Democratic_Candidates_Forum_at_Drake_University_2016-01-25,Dick,MOD,pos,0.05
Democratic_Candidates_Forum_at_Drake_University_2016-01-25,Dick,MOD,compound,0.2732
Democratic_Candidates_Forum_at_Drake_University_2016-01-25,Goodson,MOD,neg,0.009
Democratic_Candidates_Forum_at_Drake_University_2016-01-25,Goodson,MOD,neu,0.953
Democratic_Candidates_Forum_at_Drake_University_2016-01-25,Goodson,MOD,pos,0.038
Democratic_Candidates_Forum_at_Drake_University_2016-01-25,Goodson,MOD,compound,0.694
Democratic_Candidates_Forum_at_Drake_University_2016-01-25,Brett,MOD,neg,0.206
Democratic_Candidates_Forum_at_Drake_University_2016-01-25,Brett,MOD,neu,0.794
Democratic_Candidates_Forum_at_Drake_University_2016-01-25,Brett,MOD,pos,0.0
Democratic_Candidates_Forum_at_Drake_University_2016-01-25,Brett,MOD,compound,-0.0772
Democratic_Candidates_Forum_at_Drake_University_2016-01-25,Rosengren,MOD,neg,0.0
Democratic_Candidates_Forum_at_Drake_University_2016-01-25,Rosengren,MOD,neu,0.873
Democratic_Candidates_Forum_at_Drake_University_2016-01-25,Rosengren,MOD,pos,0.127
Democratic_Candidates_Forum_at_Drake_University_2016-01-25,Rosengren,MOD,compound,0.4939
Republican_Candidates_Debate_2016-01-28,Baier,MOD,neg,0.021021739130434782
Republican_Candidates_Debate_2016-01-28,Baier,MOD,neu,0.801717391304348
Republican_Candidates_Debate_2016-01-28,Baier,MOD,pos,0.1772608695652174
Republican_Candidates_Debate_2016-01-28,Baier,MOD,compound,0.17369130434782612
Republican_Candidates_Debate_2016-01-28,Kelly,MOD,neg,0.04747457627118644
Republican_Candidates_Debate_2016-01-28,Kelly,MOD,neu,0.8513728813559323
Republican_Candidates_Debate_2016-01-28,Kelly,MOD,pos,0.10115254237288135
Republican_Candidates_Debate_2016-01-28,Kelly,MOD,compound,0.06637288135593222
Republican_Candidates_Debate_2016-01-28,Wallace,MOD,neg,0.033749999999999995
Republican_Candidates_Debate_2016-01-28,Wallace,MOD,neu,0.8549772727272725
Republican_Candidates_Debate_2016-01-28,Wallace,MOD,pos,0.11124999999999999
Republican_Candidates_Debate_2016-01-28,Wallace,MOD,compound,0.08694772727272727
Republican_Candidates_Debate_2016-01-28,Cruz,REP,neg,0.07296153846153847
Republican_Candidates_Debate_2016-01-28,Cruz,REP,neu,0.8243846153846154
Republican_Candidates_Debate_2016-01-28,Cruz,REP,pos,0.10253846153846152
Republican_Candidates_Debate_2016-01-28,Cruz,REP,compound,0.1746076923076923
Republican_Candidates_Debate_2016-01-28,Rubio,REP,neg,0.08400000000000002
Republican_Candidates_Debate_2016-01-28,Rubio,REP,neu,0.817151515151515
Republican_Candidates_Debate_2016-01-28,Rubio,REP,pos,0.0987878787878788
Republican_Candidates_Debate_2016-01-28,Rubio,REP,compound,0.2023666666666667
Republican_Candidates_Debate_2016-01-28,Bush,REP,neg,0.07994444444444443
Republican_Candidates_Debate_2016-01-28,Bush,REP,neu,0.7936666666666667
Republican_Candidates_Debate_2016-01-28,Bush,REP,pos,0.1263888888888889
Republican_Candidates_Debate_2016-01-28,Bush,REP,compound,0.24231666666666662
Republican_Candidates_Debate_2016-01-28,Christie,REP,neg,0.0702
Republican_Candidates_Debate_2016-01-28,Christie,REP,neu,0.8323333333333333
Republican_Candidates_Debate_2016-01-28,Christie,REP,pos,0.09746666666666665
Republican_Candidates_Debate_2016-01-28,Christie,REP,compound,0.03906000000000001
Republican_Candidates_Debate_2016-01-28,Paul,REP,neg,0.051000000000000004
Republican_Candidates_Debate_2016-01-28,Paul,REP,neu,0.7979444444444445
Republican_Candidates_Debate_2016-01-28,Paul,REP,pos,0.15083333333333335
Republican_Candidates_Debate_2016-01-28,Paul,REP,compound,0.10445
Republican_Candidates_Debate_2016-01-28,Kasich,REP,neg,0.03247058823529412
Republican_Candidates_Debate_2016-01-28,Kasich,REP,neu,0.7677647058823529
Republican_Candidates_Debate_2016-01-28,Kasich,REP,pos,0.19964705882352937
Republican_Candidates_Debate_2016-01-28,Kasich,REP,compound,0.2637764705882353
Republican_Candidates_Debate_2016-01-28,Carson,REP,neg,0.0775
Republican_Candidates_Debate_2016-01-28,Carson,REP,neu,0.7581666666666668
Republican_Candidates_Debate_2016-01-28,Carson,REP,pos,0.16433333333333333
Republican_Candidates_Debate_2016-01-28,Carson,REP,compound,0.16961666666666667
Republican_Candidates_Debate_2016-01-28,Question,MOD,neg,0.09033333333333333
Republican_Candidates_Debate_2016-01-28,Question,MOD,neu,0.7559999999999999
Republican_Candidates_Debate_2016-01-28,Question,MOD,pos,0.1536666666666667
Republican_Candidates_Debate_2016-01-28,Question,MOD,compound,-0.007800000000000029
Democratic_Candidates_Debate_2016-02-04,Todd,MOD,neg,0.016803030303030306
Democratic_Candidates_Debate_2016-02-04,Todd,MOD,neu,0.8193484848484849
Democratic_Candidates_Debate_2016-02-04,Todd,MOD,pos,0.1637575757575758
Democratic_Candidates_Debate_2016-02-04,Todd,MOD,compound,0.28382121212121214
Democratic_Candidates_Debate_2016-02-04,Maddow,MOD,neg,0.037232558139534876
Democratic_Candidates_Debate_2016-02-04,Maddow,MOD,neu,0.8350232558139534
Democratic_Candidates_Debate_2016-02-04,Maddow,MOD,pos,0.12772093023255815
Democratic_Candidates_Debate_2016-02-04,Maddow,MOD,compound,0.1248255813953489
Democratic_Candidates_Debate_2016-02-04,Sanders,DEM,neg,0.06778124999999997
Democratic_Candidates_Debate_2016-02-04,Sanders,DEM,neu,0.8241406249999998
Democratic_Candidates_Debate_2016-02-04,Sanders,DEM,pos,0.10809375000000002
Democratic_Candidates_Debate_2016-02-04,Sanders,DEM,compound,0.2441000000000001
Democratic_Candidates_Debate_2016-02-04,Clinton,DEM,neg,0.05670175438596491
Democratic_Candidates_Debate_2016-02-04,Clinton,DEM,neu,0.8120701754385963
Democratic_Candidates_Debate_2016-02-04,Clinton,DEM,pos,0.1311578947368421
Democratic_Candidates_Debate_2016-02-04,Clinton,DEM,compound,0.38146315789473684
Republican_Candidates_Debate_2016-02-06,Muir,MOD,neg,0.018375
Republican_Candidates_Debate_2016-02-06,Muir,MOD,neu,0.846045454545455
Republican_Candidates_Debate_2016-02-06,Muir,MOD,pos,0.13553409090909088
Republican_Candidates_Debate_2016-02-06,Muir,MOD,compound,0.25575
Republican_Candidates_Debate_2016-02-06,Raddatz,MOD,neg,0.03085
Republican_Candidates_Debate_2016-02-06,Raddatz,MOD,neu,0.8502666666666665
Republican_Candidates_Debate_2016-02-06,Raddatz,MOD,pos,0.11886666666666663
Republican_Candidates_Debate_2016-02-06,Raddatz,MOD,compound,0.12978666666666672
Republican_Candidates_Debate_2016-02-06,Christie,REP,neg,0.044608695652173916
Republican_Candidates_Debate_2016-02-06,Christie,REP,neu,0.8428695652173913
Republican_Candidates_Debate_2016-02-06,Christie,REP,pos,0.11247826086956522
Republican_Candidates_Debate_2016-02-06,Christie,REP,compound,0.14520869565217392
Republican_Candidates_Debate_2016-02-06,Trump,REP,neg,0.05874358974358975
Republican_Candidates_Debate_2016-02-06,Trump,REP,neu,0.7698205128205127
Republican_Candidates_Debate_2016-02-06,Trump,REP,pos,0.17151282051282052
Republican_Candidates_Debate_2016-02-06,Trump,REP,compound,0.15538461538461534
Republican_Candidates_Debate_2016-02-06,Cruz,REP,neg,0.0818
Republican_Candidates_Debate_2016-02-06,Cruz,REP,neu,0.7735500000000002
Republican_Candidates_Debate_2016-02-06,Cruz,REP,pos,0.14465
Republican_Candidates_Debate_2016-02-06,Cruz,REP,compound,-0.08372500000000001
Republican_Candidates_Debate_2016-02-06,Carson,REP,neg,0.0206
Republican_Candidates_Debate_2016-02-06,Carson,REP,neu,0.8413999999999999
Republican_Candidates_Debate_2016-02-06,Carson,REP,pos,0.13793333333333332
Republican_Candidates_Debate_2016-02-06,Carson,REP,compound,0.5777533333333333
Republican_Candidates_Debate_2016-02-06,Rubio,REP,neg,0.07071052631578946
Republican_Candidates_Debate_2016-02-06,Rubio,REP,neu,0.7535526315789476
Republican_Candidates_Debate_2016-02-06,Rubio,REP,pos,0.1758684210526316
Republican_Candidates_Debate_2016-02-06,Rubio,REP,compound,0.15926315789473683
Republican_Candidates_Debate_2016-02-06,Bush,REP,neg,0.04740000000000001
Republican_Candidates_Debate_2016-02-06,Bush,REP,neu,0.8407
Republican_Candidates_Debate_2016-02-06,Bush,REP,pos,0.11185
Republican_Candidates_Debate_2016-02-06,Bush,REP,compound,0.14786249999999995
Republican_Candidates_Debate_2016-02-06,Kasich,REP,neg,0.04952631578947369
Republican_Candidates_Debate_2016-02-06,Kasich,REP,neu,0.8223684210526315
Republican_Candidates_Debate_2016-02-06,Kasich,REP,pos,0.128
Republican_Candidates_Debate_2016-02-06,Kasich,REP,compound,0.3605526315789474
Republican_Candidates_Debate_2016-02-06,Ham,MOD,neg,0.04361538461538462
Republican_Candidates_Debate_2016-02-06,Ham,MOD,neu,0.8123076923076924
Republican_Candidates_Debate_2016-02-06,Ham,MOD,pos,0.14415384615384616
Republican_Candidates_Debate_2016-02-06,Ham,MOD,compound,0.1921
Republican_Candidates_Debate_2016-02-06,Mcelveen,MOD,neg,0.0155
Republican_Candidates_Debate_2016-02-06,Mcelveen,MOD,neu,0.86275
Republican_Candidates_Debate_2016-02-06,Mcelveen,MOD,pos,0.12166666666666666
Republican_Candidates_Debate_2016-02-06,Mcelveen,MOD,compound,0.27181666666666665
Republican_Candidates_Debate_2016-02-06,O,DEM,neg,0.0
Republican_Candidates_Debate_2016-02-06,O,DEM,neu,0.874
Republican_Candidates_Debate_2016-02-06,O,DEM,pos,0.126
Republican_Candidates_Debate_2016-02-06,O,DEM,compound,0.7783
Democratic_Candidates_Debate_2016-02-11,Woodruff,MOD,neg,0.008535714285714284
Democratic_Candidates_Debate_2016-02-11,Woodruff,MOD,neu,0.8810000000000002
Democratic_Candidates_Debate_2016-02-11,Woodruff,MOD,pos,0.11042857142857146
Democratic_Candidates_Debate_2016-02-11,Woodruff,MOD,compound,0.4217357142857144
Democratic_Candidates_Debate_2016-02-11,Ifill,MOD,neg,0.027959999999999995
Democratic_Candidates_Debate_2016-02-11,Ifill,MOD,neu,0.8670800000000001
Democratic_Candidates_Debate_2016-02-11,Ifill,MOD,pos,0.10504
Democratic_Candidates_Debate_2016-02-11,Ifill,MOD,compound,0.06004800000000001
Democratic_Candidates_Debate_2016-02-11,Clinton,DEM,neg,0.05402702702702702
Democratic_Candidates_Debate_2016-02-11,Clinton,DEM,neu,0.7982702702702704
Democratic_Candidates_Debate_2016-02-11,Clinton,DEM,pos,0.14783783783783783
Democratic_Candidates_Debate_2016-02-11,Clinton,DEM,compound,0.5527783783783785
Democratic_Candidates_Debate_2016-02-11,Sanders,DEM,neg,0.07246511627906978
Democratic_Candidates_Debate_2016-02-11,Sanders,DEM,neu,0.8233023255813954
Democratic_Candidates_Debate_2016-02-11,Sanders,DEM,pos,0.10434883720930235
Democratic_Candidates_Debate_2016-02-11,Sanders,DEM,compound,0.1201581395348837
Republican_Candidates_Debate_2016-02-13,Dickerson,MOD,neg,0.0321
Republican_Candidates_Debate_2016-02-13,Dickerson,MOD,neu,0.9043333333333333
Republican_Candidates_Debate_2016-02-13,Dickerson,MOD,pos,0.06353333333333334
Republican_Candidates_Debate_2016-02-13,Dickerson,MOD,compound,0.13232666666666665
Republican_Candidates_Debate_2016-02-13,Trump,REP,neg,0.06993589743589743
Republican_Candidates_Debate_2016-02-13,Trump,REP,neu,0.7880384615384615
Republican_Candidates_Debate_2016-02-13,Trump,REP,pos,0.1420769230769231
Republican_Candidates_Debate_2016-02-13,Trump,REP,compound,0.09329999999999998
Republican_Candidates_Debate_2016-02-13,Kasich,REP,neg,0.073
Republican_Candidates_Debate_2016-02-13,Kasich,REP,neu,0.8264666666666668
Republican_Candidates_Debate_2016-02-13,Kasich,REP,pos,0.10046666666666668
Republican_Candidates_Debate_2016-02-13,Kasich,REP,compound,0.2840066666666667
Republican_Candidates_Debate_2016-02-13,Carson,REP,neg,0.06300000000000001
Republican_Candidates_Debate_2016-02-13,Carson,REP,neu,0.8491
Republican_Candidates_Debate_2016-02-13,Carson,REP,pos,0.0879
Republican_Candidates_Debate_2016-02-13,Carson,REP,compound,0.004549999999999987
Republican_Candidates_Debate_2016-02-13,Rubio,REP,neg,0.07745833333333334
Republican_Candidates_Debate_2016-02-13,Rubio,REP,neu,0.8062916666666667
Republican_Candidates_Debate_2016-02-13,Rubio,REP,pos,0.11624999999999998
Republican_Candidates_Debate_2016-02-13,Rubio,REP,compound,-0.014170833333333332
Republican_Candidates_Debate_2016-02-13,Bush,REP,neg,0.06806896551724138
Republican_Candidates_Debate_2016-02-13,Bush,REP,neu,0.7928793103448277
Republican_Candidates_Debate_2016-02-13,Bush,REP,pos,0.13901724137931032
Republican_Candidates_Debate_2016-02-13,Bush,REP,compound,0.12908448275862072
Republican_Candidates_Debate_2016-02-13,Cruz,REP,neg,0.04341463414634147
Republican_Candidates_Debate_2016-02-13,Cruz,REP,neu,0.8767804878048777
Republican_Candidates_Debate_2016-02-13,Cruz,REP,pos,0.07970731707317075
Republican_Candidates_Debate_2016-02-13,Cruz,REP,compound,0.01505365853658536
Republican_Candidates_Debate_2016-02-13,Strassel,MOD,neg,0.01576470588235294
Republican_Candidates_Debate_2016-02-13,Strassel,MOD,neu,0.9379411764705883
Republican_Candidates_Debate_2016-02-13,Strassel,MOD,pos,0.04623529411764706
Republican_Candidates_Debate_2016-02-13,Strassel,MOD,compound,0.13199411764705885
Republican_Candidates_Debate_2016-02-13,Garrett,MOD,neg,0.01176923076923077
Republican_Candidates_Debate_2016-02-13,Garrett,MOD,neu,0.8824230769230769
Republican_Candidates_Debate_2016-02-13,Garrett,MOD,pos,0.10592307692307694
Republican_Candidates_Debate_2016-02-13,Garrett,MOD,compound,0.19961153846153845
Republican_Candidates_Debate_2016-02-25,Blitzer,MOD,neg,0.024291262135922333
Republican_Candidates_Debate_2016-02-25,Blitzer,MOD,neu,0.8443300970873787
Republican_Candidates_Debate_2016-02-25,Blitzer,MOD,pos,0.13136893203883498
Republican_Candidates_Debate_2016-02-25,Blitzer,MOD,compound,0.15519223300970875
Republican_Candidates_Debate_2016-02-25,Carson,REP,neg,0.06792857142857144
Republican_Candidates_Debate_2016-02-25,Carson,REP,neu,0.7876428571428571
Republican_Candidates_Debate_2016-02-25,Carson,REP,pos,0.14457142857142855
Republican_Candidates_Debate_2016-02-25,Carson,REP,compound,0.33701428571428566
Republican_Candidates_Debate_2016-02-25,Kasich,REP,neg,0.04076
Republican_Candidates_Debate_2016-02-25,Kasich,REP,neu,0.8119200000000002
Republican_Candidates_Debate_2016-02-25,Kasich,REP,pos,0.14736000000000002
Republican_Candidates_Debate_2016-02-25,Kasich,REP,compound,0.330976
Republican_Candidates_Debate_2016-02-25,Rubio,REP,neg,0.06919565217391305
Republican_Candidates_Debate_2016-02-25,Rubio,REP,neu,0.8401413043478262
Republican_Candidates_Debate_2016-02-25,Rubio,REP,pos,0.0906195652173913
Republican_Candidates_Debate_2016-02-25,Rubio,REP,compound,0.06860108695652176
Republican_Candidates_Debate_2016-02-25,Cruz,REP,neg,0.07838235294117647
Republican_Candidates_Debate_2016-02-25,Cruz,REP,neu,0.7995147058823527
Republican_Candidates_Debate_2016-02-25,Cruz,REP,pos,0.12213235294117647
Republican_Candidates_Debate_2016-02-25,Cruz,REP,compound,0.07319705882352945
Republican_Candidates_Debate_2016-02-25,Trump,REP,neg,0.0955576923076923
Republican_Candidates_Debate_2016-02-25,Trump,REP,neu,0.7897820512820513
Republican_Candidates_Debate_2016-02-25,Trump,REP,pos,0.11466025641025641
Republican_Candidates_Debate_2016-02-25,Trump,REP,compound,0.06897948717948725
Republican_Candidates_Debate_2016-02-25,Arrars,MOD,neg,0.03944
Republican_Candidates_Debate_2016-02-25,Arrars,MOD,neu,0.85312
Republican_Candidates_Debate_2016-02-25,Arrars,MOD,pos,0.1074
Republican_Candidates_Debate_2016-02-25,Arrars,MOD,compound,0.14500800000000003
Republican_Candidates_Debate_2016-02-25,Hewitt,MOD,neg,0.009416666666666667
Republican_Candidates_Debate_2016-02-25,Hewitt,MOD,neu,0.8737083333333334
Republican_Candidates_Debate_2016-02-25,Hewitt,MOD,pos,0.11691666666666667
Republican_Candidates_Debate_2016-02-25,Hewitt,MOD,compound,0.26271249999999996
Republican_Candidates_Debate_2016-02-25,Bash,MOD,neg,0.02514285714285714
Republican_Candidates_Debate_2016-02-25,Bash,MOD,neu,0.8614285714285713
Republican_Candidates_Debate_2016-02-25,Bash,MOD,pos,0.11342857142857143
Republican_Candidates_Debate_2016-02-25,Bash,MOD,compound,0.11914285714285715
Republican_Candidates_Debate_2016-03-03,Kelly,MOD,neg,0.029051020408163264
Republican_Candidates_Debate_2016-03-03,Kelly,MOD,neu,0.8283163265306123
Republican_Candidates_Debate_2016-03-03,Kelly,MOD,pos,0.14261224489795915
Republican_Candidates_Debate_2016-03-03,Kelly,MOD,compound,0.11446020408163265
Republican_Candidates_Debate_2016-03-03,Baier,MOD,neg,0.06541304347826085
Republican_Candidates_Debate_2016-03-03,Baier,MOD,neu,0.7666956521739131
Republican_Candidates_Debate_2016-03-03,Baier,MOD,pos,0.16773913043478264
Republican_Candidates_Debate_2016-03-03,Baier,MOD,compound,0.20694782608695653
Republican_Candidates_Debate_2016-03-03,Wallace,MOD,neg,0.04694444444444444
Republican_Candidates_Debate_2016-03-03,Wallace,MOD,neu,0.8232962962962964
Republican_Candidates_Debate_2016-03-03,Wallace,MOD,pos,0.12977777777777777
Republican_Candidates_Debate_2016-03-03,Wallace,MOD,compound,0.15334444444444448
Republican_Candidates_Debate_2016-03-03,Trump,REP,neg,0.0915
Republican_Candidates_Debate_2016-03-03,Trump,REP,neu,0.8096067415730338
Republican_Candidates_Debate_2016-03-03,Trump,REP,pos,0.09890449438202248
Republican_Candidates_Debate_2016-03-03,Trump,REP,compound,0.08948146067415728
Republican_Candidates_Debate_2016-03-03,Rubio,REP,neg,0.04693750000000001
Republican_Candidates_Debate_2016-03-03,Rubio,REP,neu,0.8674124999999995
Republican_Candidates_Debate_2016-03-03,Rubio,REP,pos,0.08562499999999999
Republican_Candidates_Debate_2016-03-03,Rubio,REP,compound,0.10185624999999998
Republican_Candidates_Debate_2016-03-03,Cruz,REP,neg,0.07825
Republican_Candidates_Debate_2016-03-03,Cruz,REP,neu,0.8143958333333332
Republican_Candidates_Debate_2016-03-03,Cruz,REP,pos,0.10731249999999998
Republican_Candidates_Debate_2016-03-03,Cruz,REP,compound,0.07387916666666668
Republican_Candidates_Debate_2016-03-03,Kasich,REP,neg,0.04746153846153845
Republican_Candidates_Debate_2016-03-03,Kasich,REP,neu,0.817923076923077
Republican_Candidates_Debate_2016-03-03,Kasich,REP,pos,0.13465384615384615
Republican_Candidates_Debate_2016-03-03,Kasich,REP,compound,0.42890384615384625
Republican_Candidates_Debate_2016-03-03,Cuomo,MOD,neg,0.07425
Republican_Candidates_Debate_2016-03-03,Cuomo,MOD,neu,0.92575
Republican_Candidates_Debate_2016-03-03,Cuomo,MOD,pos,0.0
Republican_Candidates_Debate_2016-03-03,Cuomo,MOD,compound,-0.167625
Republican_Candidates_Debate_2016-03-03,O,DEM,neg,0.0
Republican_Candidates_Debate_2016-03-03,O,DEM,neu,1.0
Republican_Candidates_Debate_2016-03-03,O,DEM,pos,0.0
Republican_Candidates_Debate_2016-03-03,O,DEM,compound,0.0
Republican_Candidates_Debate_2016-03-03,Hannity,MOD,neg,0.0
Republican_Candidates_Debate_2016-03-03,Hannity,MOD,neu,0.905
Republican_Candidates_Debate_2016-03-03,Hannity,MOD,pos,0.095
Republican_Candidates_Debate_2016-03-03,Hannity,MOD,compound,0.2263
Republican_Candidates_Debate_2016-03-03,Unidentifiable,MOD,neg,0.0
Republican_Candidates_Debate_2016-03-03,Unidentifiable,MOD,neu,1.0
Republican_Candidates_Debate_2016-03-03,Unidentifiable,MOD,pos,0.0
Republican_Candidates_Debate_2016-03-03,Unidentifiable,MOD,compound,0.0
Republican_Candidates_Debate_2016-03-03,Unknown,MOD,neg,0.0
Republican_Candidates_Debate_2016-03-03,Unknown,MOD,neu,0.645
Republican_Candidates_Debate_2016-03-03,Unknown,MOD,pos,0.355
Republican_Candidates_Debate_2016-03-03,Unknown,MOD,compound,0.765
Democratic_Candidates_Debate_2016-03-06,Cooper,MOD,neg,0.028696969696969693
Democratic_Candidates_Debate_2016-03-06,Cooper,MOD,neu,0.8642525252525255
Democratic_Candidates_Debate_2016-03-06,Cooper,MOD,pos,0.10705050505050502
Democratic_Candidates_Debate_2016-03-06,Cooper,MOD,compound,0.08120202020202023
Democratic_Candidates_Debate_2016-03-06,Sanders,DEM,neg,0.08092753623188405
Democratic_Candidates_Debate_2016-03-06,Sanders,DEM,neu,0.8224492753623188
Democratic_Candidates_Debate_2016-03-06,Sanders,DEM,pos,0.09659420289855071
Democratic_Candidates_Debate_2016-03-06,Sanders,DEM,compound,0.09360434782608695
Democratic_Candidates_Debate_2016-03-06,Clinton,DEM,neg,0.07384615384615385
Democratic_Candidates_Debate_2016-03-06,Clinton,DEM,neu,0.8076461538461538
Democratic_Candidates_Debate_2016-03-06,Clinton,DEM,pos,0.11850769230769234
Democratic_Candidates_Debate_2016-03-06,Clinton,DEM,compound,0.27646923076923074
Democratic_Candidates_Debate_2016-03-06,Question,MOD,neg,0.044294117647058824
Democratic_Candidates_Debate_2016-03-06,Question,MOD,neu,0.7373529411764707
Democratic_Candidates_Debate_2016-03-06,Question,MOD,pos,0.2184117647058824
Democratic_Candidates_Debate_2016-03-06,Question,MOD,compound,0.3218000000000001
Democratic_Candidates_Debate_2016-03-06,Lemon,MOD,neg,0.05338095238095238
Democratic_Candidates_Debate_2016-03-06,Lemon,MOD,neu,0.7885714285714287
Democratic_Candidates_Debate_2016-03-06,Lemon,MOD,pos,0.158
Democratic_Candidates_Debate_2016-03-06,Lemon,MOD,compound,0.1014142857142857
Democratic_Candidates_Debate_2016-03-09,Ramos,MOD,neg,0.03692187500000001
Democratic_Candidates_Debate_2016-03-09,Ramos,MOD,neu,0.80640625
Democratic_Candidates_Debate_2016-03-09,Ramos,MOD,pos,0.1566875
Democratic_Candidates_Debate_2016-03-09,Ramos,MOD,compound,0.12377187500000002
Democratic_Candidates_Debate_2016-03-09,Salinas,MOD,neg,0.027250000000000007
Democratic_Candidates_Debate_2016-03-09,Salinas,MOD,neu,0.8516041666666667
Democratic_Candidates_Debate_2016-03-09,Salinas,MOD,pos,0.12112499999999998
Democratic_Candidates_Debate_2016-03-09,Salinas,MOD,compound,0.14675208333333337
Democratic_Candidates_Debate_2016-03-09,Clinton,DEM,neg,0.05450819672131147
Democratic_Candidates_Debate_2016-03-09,Clinton,DEM,neu,0.7841147540983606
Democratic_Candidates_Debate_2016-03-09,Clinton,DEM,pos,0.16132786885245895
Democratic_Candidates_Debate_2016-03-09,Clinton,DEM,compound,0.37925901639344267
Democratic_Candidates_Debate_2016-03-09,Sanders,DEM,neg,0.07372857142857143
Democratic_Candidates_Debate_2016-03-09,Sanders,DEM,neu,0.8046714285714286
Democratic_Candidates_Debate_2016-03-09,Sanders,DEM,pos,0.12147142857142855
Democratic_Candidates_Debate_2016-03-09,Sanders,DEM,compound,0.20364285714285713
Democratic_Candidates_Debate_2016-03-09,Tumulty,MOD,neg,0.032136363636363637
Democratic_Candidates_Debate_2016-03-09,Tumulty,MOD,neu,0.8013181818181819
Democratic_Candidates_Debate_2016-03-09,Tumulty,MOD,pos,0.1665
Democratic_Candidates_Debate_2016-03-09,Tumulty,MOD,compound,0.15993181818181817
Democratic_Candidates_Debate_2016-03-09,Question,MOD,neg,0.040375
Democratic_Candidates_Debate_2016-03-09,Question,MOD,neu,0.86075
Democratic_Candidates_Debate_2016-03-09,Question,MOD,pos,0.09875000000000002
Democratic_Candidates_Debate_2016-03-09,Question,MOD,compound,0.18943750000000004
Democratic_Candidates_Debate_2016-03-09,Smith,MOD,neg,0.0
Democratic_Candidates_Debate_2016-03-09,Smith,MOD,neu,1.0
Democratic_Candidates_Debate_2016-03-09,Smith,MOD,pos,0.0
Democratic_Candidates_Debate_2016-03-09,Smith,MOD,compound,0.0
Democratic_Candidates_Debate_2016-03-09,Unknown,MOD,neg,0.04425
Democratic_Candidates_Debate_2016-03-09,Unknown,MOD,neu,0.8788750000000001
Democratic_Candidates_Debate_2016-03-09,Unknown,MOD,pos,0.077
Democratic_Candidates_Debate_2016-03-09,Unknown,MOD,compound,0.2305
Republican_Candidates_Debate_2016-03-10,Tapper,MOD,neg,0.056942307692307695
Republican_Candidates_Debate_2016-03-10,Tapper,MOD,neu,0.8232884615384617
Republican_Candidates_Debate_2016-03-10,Tapper,MOD,pos,0.11978846153846152
Republican_Candidates_Debate_2016-03-10,Tapper,MOD,compound,0.11786346153846158
Republican_Candidates_Debate_2016-03-10,Kasich,REP,neg,0.04900000000000001
Republican_Candidates_Debate_2016-03-10,Kasich,REP,neu,0.82875
Republican_Candidates_Debate_2016-03-10,Kasich,REP,pos,0.12224999999999998
Republican_Candidates_Debate_2016-03-10,Kasich,REP,compound,0.464175
Republican_Candidates_Debate_2016-03-10,Rubio,REP,neg,0.07920833333333334
Republican_Candidates_Debate_2016-03-10,Rubio,REP,neu,0.8227083333333335
Republican_Candidates_Debate_2016-03-10,Rubio,REP,pos,0.09800000000000002
Republican_Candidates_Debate_2016-03-10,Rubio,REP,compound,-0.05139166666666667
Republican_Candidates_Debate_2016-03-10,Cruz,REP,neg,0.06375
Republican_Candidates_Debate_2016-03-10,Cruz,REP,neu,0.8280833333333334
Republican_Candidates_Debate_2016-03-10,Cruz,REP,pos,0.10820833333333334
Republican_Candidates_Debate_2016-03-10,Cruz,REP,compound,0.30985416666666665
Republican_Candidates_Debate_2016-03-10,Trump,REP,neg,0.0724
Republican_Candidates_Debate_2016-03-10,Trump,REP,neu,0.7932750000000002
Republican_Candidates_Debate_2016-03-10,Trump,REP,pos,0.13425000000000004
Republican_Candidates_Debate_2016-03-10,Trump,REP,compound,0.3709025
Republican_Candidates_Debate_2016-03-10,Dinan,MOD,neg,0.03161111111111112
Republican_Candidates_Debate_2016-03-10,Dinan,MOD,neu,0.8013888888888887
Republican_Candidates_Debate_2016-03-10,Dinan,MOD,pos,0.16694444444444445
Republican_Candidates_Debate_2016-03-10,Dinan,MOD,compound,0.2947722222222222
Republican_Candidates_Debate_2016-03-10,Bash,MOD,neg,0.030700000000000005
Republican_Candidates_Debate_2016-03-10,Bash,MOD,neu,0.8064
Republican_Candidates_Debate_2016-03-10,Bash,MOD,pos,0.16294999999999998
Republican_Candidates_Debate_2016-03-10,Bash,MOD,compound,0.43129999999999996
Republican_Candidates_Debate_2016-03-10,Hewitt,MOD,neg,0.03633333333333333
Republican_Candidates_Debate_2016-03-10,Hewitt,MOD,neu,0.8436111111111111
Republican_Candidates_Debate_2016-03-10,Hewitt,MOD,pos,0.12011111111111111
Republican_Candidates_Debate_2016-03-10,Hewitt,MOD,compound,0.05243888888888889
Democratic_Candidates_Debate_2016-04-14,Blitzer,MOD,neg,0.018289473684210522
Democratic_Candidates_Debate_2016-04-14,Blitzer,MOD,neu,0.7797105263157897
Democratic_Candidates_Debate_2016-04-14,Blitzer,MOD,pos,0.20201754385964915
Democratic_Candidates_Debate_2016-04-14,Blitzer,MOD,compound,0.15965877192982458
Democratic_Candidates_Debate_2016-04-14,Sanders,DEM,neg,0.050827868852459004
Democratic_Candidates_Debate_2016-04-14,Sanders,DEM,neu,0.8116229508196721
Democratic_Candidates_Debate_2016-04-14,Sanders,DEM,pos,0.13755737704918033
Democratic_Candidates_Debate_2016-04-14,Sanders,DEM,compound,0.15207540983606557
Democratic_Candidates_Debate_2016-04-14,Clinton,DEM,neg,0.040758928571428564
Democratic_Candidates_Debate_2016-04-14,Clinton,DEM,neu,0.833794642857143
Democratic_Candidates_Debate_2016-04-14,Clinton,DEM,pos,0.1254375
Democratic_Candidates_Debate_2016-04-14,Clinton,DEM,compound,0.2931508928571428
Democratic_Candidates_Debate_2016-04-14,Bash,MOD,neg,0.025382352941176474
Democratic_Candidates_Debate_2016-04-14,Bash,MOD,neu,0.8479705882352943
Democratic_Candidates_Debate_2016-04-14,Bash,MOD,pos,0.12664705882352945
Democratic_Candidates_Debate_2016-04-14,Bash,MOD,compound,0.11727941176470592
Democratic_Candidates_Debate_2016-04-14,Louis,MOD,neg,0.037913043478260876
Democratic_Candidates_Debate_2016-04-14,Louis,MOD,neu,0.7945652173913043
Democratic_Candidates_Debate_2016-04-14,Louis,MOD,pos,0.16756521739130437
Democratic_Candidates_Debate_2016-04-14,Louis,MOD,compound,0.08364347826086957
Democratic_Candidates_Debate_2016-04-14,Audience,MOD,neg,0.0
Democratic_Candidates_Debate_2016-04-14,Audience,MOD,neu,0.218
Democratic_Candidates_Debate_2016-04-14,Audience,MOD,pos,0.782
Democratic_Candidates_Debate_2016-04-14,Audience,MOD,compound,0.5562
Presidential_Debate_at_Hofstra_University_2016-09-26,Holt,MOD,neg,0.018123711340206187
Presidential_Debate_at_Hofstra_University_2016-09-26,Holt,MOD,neu,0.909020618556701
Presidential_Debate_at_Hofstra_University_2016-09-26,Holt,MOD,pos,0.07283505154639176
Presidential_Debate_at_Hofstra_University_2016-09-26,Holt,MOD,compound,0.08892886597938145
Presidential_Debate_at_Hofstra_University_2016-09-26,Clinton,DEM,neg,0.0827816091954023
Presidential_Debate_at_Hofstra_University_2016-09-26,Clinton,DEM,neu,0.7999540229885056
Presidential_Debate_at_Hofstra_University_2016-09-26,Clinton,DEM,pos,0.11733333333333336
Presidential_Debate_at_Hofstra_University_2016-09-26,Clinton,DEM,compound,0.11263678160919542
Presidential_Debate_at_Hofstra_University_2016-09-26,Trump,REP,neg,0.1271290322580645
Presidential_Debate_at_Hofstra_University_2016-09-26,Trump,REP,neu,0.7478790322580648
Presidential_Debate_at_Hofstra_University_2016-09-26,Trump,REP,pos,0.12498387096774195
Presidential_Debate_at_Hofstra_University_2016-09-26,Trump,REP,compound,0.05597741935483871
Vice_Presidential_Debate_at_Longwood_University_2016-10-04,Quijano,MOD,neg,0.027961904761904757
Vice_Presidential_Debate_at_Longwood_University_2016-10-04,Quijano,MOD,neu,0.8739619047619048
Vice_Presidential_Debate_at_Longwood_University_2016-10-04,Quijano,MOD,pos,0.09804761904761904
Vice_Presidential_Debate_at_Longwood_University_2016-10-04,Quijano,MOD,compound,0.1114657142857143
Vice_Presidential_Debate_at_Longwood_University_2016-10-04,Kaine,DEM,neg,0.06165957446808511
Vice_Presidential_Debate_at_Longwood_University_2016-10-04,Kaine,DEM,neu,0.8273191489361701
Vice_Presidential_Debate_at_Longwood_University_2016-10-04,Kaine,DEM,pos,0.11101063829787233
Vice_Presidential_Debate_at_Longwood_University_2016-10-04,Kaine,DEM,compound,0.05221595744680854
Vice_Presidential_Debate_at_Longwood_University_2016-10-04,Pence,REP,neg,0.06758937198067631
Vice_Presidential_Debate_at_Longwood_University_2016-10-04,Pence,REP,neu,0.8042222222222227
Vice_Presidential_Debate_at_Longwood_University_2016-10-04,Pence,REP,pos,0.12819806763285022
Vice_Presidential_Debate_at_Longwood_University_2016-10-04,Pence,REP,compound,0.13954782608695648
Presidential_Debate_at_Washington_University_2016-10-09,Raddatz,MOD,neg,0.027442622950819676
Presidential_Debate_at_Washington_University_2016-10-09,Raddatz,MOD,neu,0.8665409836065576
Presidential_Debate_at_Washington_University_2016-10-09,Raddatz,MOD,pos,0.1060327868852459
Presidential_Debate_at_Washington_University_2016-10-09,Raddatz,MOD,compound,0.07640491803278689
Presidential_Debate_at_Washington_University_2016-10-09,Cooper,MOD,neg,0.017640000000000003
Presidential_Debate_at_Washington_University_2016-10-09,Cooper,MOD,neu,0.8308133333333338
Presidential_Debate_at_Washington_University_2016-10-09,Cooper,MOD,pos,0.15153333333333335
Presidential_Debate_at_Washington_University_2016-10-09,Cooper,MOD,compound,0.11462800000000004
Presidential_Debate_at_Washington_University_2016-10-09,Question,MOD,neg,0.02325
Presidential_Debate_at_Washington_University_2016-10-09,Question,MOD,neu,0.7048749999999999
Presidential_Debate_at_Washington_University_2016-10-09,Question,MOD,pos,0.271625
Presidential_Debate_at_Washington_University_2016-10-09,Question,MOD,compound,0.7765875000000001
Presidential_Debate_at_Washington_University_2016-10-09,Clinton,DEM,neg,0.07812280701754387
Presidential_Debate_at_Washington_University_2016-10-09,Clinton,DEM,neu,0.8175438596491227
Presidential_Debate_at_Washington_University_2016-10-09,Clinton,DEM,pos,0.10433333333333335
Presidential_Debate_at_Washington_University_2016-10-09,Clinton,DEM,compound,0.2646368421052632
Presidential_Debate_at_Washington_University_2016-10-09,Trump,REP,neg,0.09337777777777778
Presidential_Debate_at_Washington_University_2016-10-09,Trump,REP,neu,0.7889111111111106
Presidential_Debate_at_Washington_University_2016-10-09,Trump,REP,pos,0.1177
Presidential_Debate_at_Washington_University_2016-10-09,Trump,REP,compound,0.03421555555555556
Presidential_Debate_at_the_University_of_Nevada_2016-10-19,Wallace,MOD,neg,0.03529838709677419
Presidential_Debate_at_the_University_of_Nevada_2016-10-19,Wallace,MOD,neu,0.802056451612903
Presidential_Debate_at_the_University_of_Nevada_2016-10-19,Wallace,MOD,pos,0.16264516129032258
Presidential_Debate_at_the_University_of_Nevada_2016-10-19,Wallace,MOD,compound,0.13531129032258057
Presidential_Debate_at_the_University_of_Nevada_2016-10-19,Clinton,DEM,neg,0.06441463414634144
Presidential_Debate_at_the_University_of_Nevada_2016-10-19,Clinton,DEM,neu,0.8173780487804875
Presidential_Debate_at_the_University_of_Nevada_2016-10-19,Clinton,DEM,pos,0.11828048780487807
Presidential_Debate_at_the_University_of_Nevada_2016-10-19,Clinton,DEM,compound,0.12988048780487807
Presidential_Debate_at_the_University_of_Nevada_2016-10-19,Trump,REP,neg,0.1323984375
Presidential_Debate_at_the_University_of_Nevada_2016-10-19,Trump,REP,neu,0.773984375
Presidential_Debate_at_the_University_of_Nevada_2016-10-19,Trump,REP,pos,0.09362499999999999
Presidential_Debate_at_the_University_of_Nevada_2016-10-19,Trump,REP,compound,-0.00042343749999998806
